id,sequence,structure,energy,length,valid
2,GUCUACGGCCAUACCACCCUGAACGCGCCCGAUCUCGUCUGAUCUCGGAAGCUAAGCAGGGUCGGGCCUGGUUAGUACUUGGAUGGGAGACCGCC,...((((((((..((((((((...((..((((..((....))..))))..))....)))))).))...))))).)))...((.(((....))))),-30.6,29,TRUE
8,UACCUGGUUGAUCCUGCCAGUAGCAUAUGCUUGUCUCAAAGAUUAAGCCAUGCAUGUCUAAGUACGCACGGCCGGUACAGUGAAACUGCGAAUGGCUCAUU,...(((((.......)))))..((((..((((((((...))).))))).))))................(((((...((((...))))....)))))....,-23.0,26,TRUE
18,GUCUACGGCCAUACCACCCUGAACGCGCCCGAUCUCGUCUGAUCUCGGAAGCUAAGCAGGGACGGGCCUGGUUAGUACUUGGAUGGGAGACCGCC,...((((((((..((.(((((...((..((((..((....))..))))..))....)))))...))..))))).)))...((.(((....))))),-28.2,28,TRUE
60,CUCGUCUACGGCCAUACCACCCUGAACGCGCCCGAUCUCGUCUGAUCUCGGAAGCUAAGCAGGGUCGGGCCUGGUUAGUACUUGGAUGGGAGACCGCCUGG,((((((((((((((..((((((((...((..((((..((....))..))))..))....)))))).))...))))).))....)))))))...........,-32.9,30,TRUE
72,GUCGUCUACGGCCAUACCACCCUGAACGCGCCCGAUCUCGUCUGAUCUCGGAAGCUAAGCAGGGUCGGGCCUGGUUAGUACUUGGAUGGGAGACCGCCUGG,......((((((((..((((((((...((..((((..((....))..))))..))....)))))).))...))))).)))((.((.(((....))))).)),-32.1,31,TRUE
74,GUCUACGGCCAUACCACCCUGAACGCGCCCGAUCUCGUCUGAUCUCGGAAGCUAAGCAGGGUCGGGCCUGGUUAGUACUUGGAUGGGAGACCGCCUGGACU,(((((.(((....((((((((...((..((((..((....))..))))..))....)))))).)).((.(((....))).))..((....)))))))))).,-35.1,31,TRUE
77,GUCUACGGCCAUACCACCCUGAACGCGCCCGACCUCGUCUGAUCUCGGAAGCUAAGCAGGGUCGGGCCUGGUUAGUACUUGGAUGGGAGACCGCC,((((.(..((((.(((..((((.((.(((((((((..((((....)))).........))))))))).)).))))....))))))))))))....,-31.3,31,TRUE
87,GUCUACGGCCAUACCACCCUGAACGCGCCCGAUCUCGUCUGAUCUCGGAAGCUAAGCAGGUUCGGGCCUGGUUAGUACUUGGAUGGGAGACCGCC,((((.(..((((.(((............((((..((....))..))))..(((((.(((((....))))).)))))...))))))))))))....,-26.2,28,TRUE
96,CACAAUGAUGAACAAUACUGCUGGAGCCACAGAGAGGCACAAGUGUGUGUGCCAGAUUGCCUGUGUGUAUGUGUGUCCUUGUCUGUGCAUGCACACGUGAG,(((..............((.(((......))))).((((((......)))))).........((((((((((..............)))))))))))))..,-26.5,24,TRUE
98,GUCUACGGCCAUACCACCCUGAACGCGCCCGAUCUCGUCUGAUCUCGGAAGCUAAUCAGGGUCGGGCCUGGUUAGUACUUGGAUGGGAGACCGCC,...((((((((..(((((((((..((..((((..((....))..))))..))...))))))).))...))))).)))...((.(((....))))),-31.6,30,TRUE
104,GUCUACGGCCAUACCACCCUGAACGCGCCCGAUCUCGUCUGAUCUCGGAAGCUAAGCAGGGUCGGGCCUGGGUAGUACUUGGAUGGGAGACCGCC,((((((((((.....((((((...((..((((..((....))..))))..))....))))))..))))...)))).))..((.(((....))))),-32.0,29,TRUE
105,GUCUACGGCCAUACCACCCUGAACGCGCCCGAUCUCGUCUGAUCUCGGAAGCUAAGCAGGGUCGGGCCUGGUUAGUACUUGGAUGGGAUACCGCC,...((((((((..((((((((...((..((((..((....))..))))..))....)))))).))...))))).)))...((.(((....))))),-30.6,29,TRUE
132,CCACAUCCAAGGAAGGCAGCAGGCGCGCAAAUUACCCACUCCCGACCCGGGGAGGUAGUGACGAAAAAUAACAAUACAGGACUCUUUCGAGGCCCUGUAAU,((........))...((.((....))))..((((((...((((......))))))))))...............((((((.(((....)))..))))))..,-25.3,25,TRUE
145,GUCUACGGCCAUACCACCCUGAACGCGCCCGAUCUCGUCUGAUCUCGGAAGCUAAGCAGGGUCGGGCCUGGUUAGUACU,...((((((((..((((((((...((..((((..((....))..))))..))....)))))).))...))))).)))..,-27.0,24,TRUE
156,UACCUGGUUGAUCCUGCCAGUAGCAUAUGCUUGUCUCAAAGAUUAAGCCAUGCAUGUCUAAGUACGCCCGGCCGGUACAGUGAAACUGCGAAUGGCUCAUU,...(((((.......)))))..((((..((((((((...))).))))).))))................(((((...((((...))))....)))))....,-23.0,26,TRUE
343,ACCGAACGCCGGGUUAAGGCGCCCGAUGCCGACGCUCAUCAGACCCCAGAAAAGGUGUUGGUUGAUAUAGACAGCAGGACGGUGGCCA,((((..((((((((......)))))..(((((((((..((........))...)))))))))...........)).)..)))).....,-23.8,23,TRUE
374,CGACUCUUAGCGGUGGAUCACUCGGCUCGUGCGUCGAUGAAGAACGCAGCUAGCUGCGAGAAUUAAUGUGAAUUGCAGGACACAUUGAUCAUCGACACUUC,.........(((((.((....)).)).)))(.((((((((....(((((....)))))....((((((((..........)))))))))))))))).)...,-27.7,29,TRUE
409,GACUCUUAGCGGUGGAUCACUCGGCUCGUGCGUCGAUGAAGAACGCAGCUAGCUGCGAGAAUUAAUGUGAAUUGCAGGACACAUUGAUCAUCGACACUUCG,........(((((.((....)).)).)))(.((((((((....(((((....)))))....((((((((..........)))))))))))))))).)....,-27.7,29,TRUE
693,UGCGAGAAUUAAUGUGAAUUGCAGGACACAUUGAUCAUCGACACUUCGAACGCACUUGCGGCCCCGGGUUCCUCCCGGGGCUACGCCUGUCUGAGCGUCGC,(((((..(((((((((..........)))))))))..))).))...(((.(((((..(((((((((((.....))))))))..)))..))....)))))).,-40.1,33,TRUE
853,AGAAUUAAUGUGAAUUGCAGGACACAUUGAUCAUCGACACUUCGAACGCACUUGCGGCCCCGGGUUCCUCCCGGGGCUACGCCUGUCUGAGCGUCGCUUGG,...(((((((((..........)))))))))((.((((.(((.(...(((...(((((((((((.....))))))))..))).)))).))).))))..)).,-36.7,33,TRUE
